item,country,year_month,price_cny,price_usd,source
pig,PH,2021-01,,4.532,user_historical_ph
pig,PH,2021-02,,4.514,user_historical_ph
pig,PH,2021-03,,4.496,user_historical_ph
pig,PH,2021-04,,4.478,user_historical_ph
pig,PH,2021-05,,4.460,user_historical_ph
pig,PH,2021-06,,4.442,user_historical_ph
pig,PH,2021-07,,4.424,user_historical_ph
pig,PH,2021-08,,4.406,user_historical_ph
pig,PH,2021-09,,4.388,user_historical_ph
pig,PH,2021-10,,4.370,user_historical_ph
pig,PH,2021-11,,4.352,user_historical_ph
pig,PH,2021-12,,4.334,user_historical_ph
pig,PH,2022-01,,3.946,user_historical_ph
pig,PH,2022-02,,3.936,user_historical_ph
pig,PH,2022-03,,3.927,user_historical_ph
pig,PH,2022-04,,3.918,user_historical_ph
pig,PH,2022-05,,3.909,user_historical_ph
pig,PH,2022-06,,3.900,user_historical_ph
pig,PH,2022-07,,3.891,user_historical_ph
pig,PH,2022-08,,3.882,user_historical_ph
pig,PH,2022-09,,3.873,user_historical_ph
pig,PH,2022-10,,3.864,user_historical_ph
pig,PH,2022-11,,3.855,user_historical_ph
pig,PH,2022-12,,3.846,user_historical_ph
pig,PH,2023-01,,3.298,user_historical_ph
pig,PH,2023-02,,3.292,user_historical_ph
pig,PH,2023-03,,3.287,user_historical_ph
pig,PH,2023-04,,3.281,user_historical_ph
pig,PH,2023-05,,3.276,user_historical_ph
pig,PH,2023-06,,3.271,user_historical_ph
pig,PH,2023-07,,3.265,user_historical_ph
pig,PH,2023-08,,3.260,user_historical_ph
pig,PH,2023-09,,3.255,user_historical_ph
pig,PH,2023-10,,3.249,user_historical_ph
pig,PH,2023-11,,3.244,user_historical_ph
pig,PH,2023-12,,3.238,user_historical_ph
pig,PH,2024-01,,3.080,user_historical_ph
pig,PH,2024-02,,3.078,user_historical_ph
pig,PH,2024-03,,3.078,user_historical_ph
pig,PH,2024-04,,3.076,user_historical_ph
pig,PH,2024-05,,3.076,user_historical_ph
pig,PH,2024-06,,3.076,user_historical_ph
pig,PH,2024-07,,3.074,user_historical_ph
pig,PH,2024-08,,3.074,user_historical_ph
pig,PH,2024-09,,3.073,user_historical_ph
pig,PH,2024-10,,3.073,user_historical_ph
pig,PH,2024-11,,3.071,user_historical_ph
pig,PH,2024-12,,3.069,user_historical_ph
pig,PH,2025-01,,2.991,user_historical_ph
pig,PH,2025-02,,2.993,user_historical_ph
pig,PH,2025-03,,2.993,user_historical_ph
pig,PH,2025-04,,2.995,user_historical_ph
pig,PH,2025-05,,2.995,user_historical_ph
pig,PH,2025-06,,2.995,user_historical_ph
pig,PH,2025-07,,2.997,user_historical_ph
pig,PH,2025-08,,2.997,user_historical_ph
pig,PH,2025-09,,2.998,user_historical_ph
pig,PH,2025-10,,2.998,user_historical_ph
pig,PH,2025-11,,3.000,user_historical_ph
pig,PH,2025-12,,3.002,user_historical_ph
pig,PH,2026-01,,2.971,user_historical_ph
pig,PH,2026-02,,2.972,user_historical_ph
pig,PH,2026-03,,2.974,user_historical_ph
pig,PH,2026-04,,2.974,user_historical_ph
pig,PH,2026-05,,2.976,user_historical_ph
pig,PH,2026-06,,2.978,user_historical_ph
pig,PH,2026-07,,2.979,user_historical_ph
pig,PH,2026-08,,2.981,user_historical_ph
chicken,PH,2021-01,,2.600,user_historical_ph
chicken,PH,2021-02,,2.595,user_historical_ph
chicken,PH,2021-03,,2.590,user_historical_ph
chicken,PH,2021-04,,2.585,user_historical_ph
chicken,PH,2021-05,,2.580,user_historical_ph
chicken,PH,2021-06,,2.575,user_historical_ph
chicken,PH,2021-07,,2.570,user_historical_ph
chicken,PH,2021-08,,2.565,user_historical_ph
chicken,PH,2021-09,,2.560,user_historical_ph
chicken,PH,2021-10,,2.555,user_historical_ph
chicken,PH,2021-11,,2.550,user_historical_ph
chicken,PH,2021-12,,2.545,user_historical_ph
chicken,PH,2022-01,,2.291,user_historical_ph
chicken,PH,2022-02,,2.287,user_historical_ph
chicken,PH,2022-03,,2.284,user_historical_ph
chicken,PH,2022-04,,2.280,user_historical_ph
chicken,PH,2022-05,,2.276,user_historical_ph
chicken,PH,2022-06,,2.273,user_historical_ph
chicken,PH,2022-07,,2.269,user_historical_ph
chicken,PH,2022-08,,2.266,user_historical_ph
chicken,PH,2022-09,,2.262,user_historical_ph
chicken,PH,2022-10,,2.258,user_historical_ph
chicken,PH,2022-11,,2.255,user_historical_ph
chicken,PH,2022-12,,2.251,user_historical_ph
chicken,PH,2023-01,,2.151,user_historical_ph
chicken,PH,2023-02,,2.149,user_historical_ph
chicken,PH,2023-03,,2.147,user_historical_ph
chicken,PH,2023-04,,2.145,user_historical_ph
chicken,PH,2023-05,,2.143,user_historical_ph
chicken,PH,2023-06,,2.142,user_historical_ph
chicken,PH,2023-07,,2.140,user_historical_ph
chicken,PH,2023-08,,2.138,user_historical_ph
chicken,PH,2023-09,,2.136,user_historical_ph
chicken,PH,2023-10,,2.134,user_historical_ph
chicken,PH,2023-11,,2.133,user_historical_ph
chicken,PH,2023-12,,2.131,user_historical_ph
chicken,PH,2024-01,,2.080,user_historical_ph
chicken,PH,2024-02,,2.079,user_historical_ph
chicken,PH,2024-03,,2.078,user_historical_ph
chicken,PH,2024-04,,2.078,user_historical_ph
chicken,PH,2024-05,,2.077,user_historical_ph
chicken,PH,2024-06,,2.076,user_historical_ph
chicken,PH,2024-07,,2.075,user_historical_ph
chicken,PH,2024-08,,2.075,user_historical_ph
chicken,PH,2024-09,,2.074,user_historical_ph
chicken,PH,2024-10,,2.073,user_historical_ph
chicken,PH,2024-11,,2.073,user_historical_ph
chicken,PH,2024-12,,2.072,user_historical_ph
chicken,PH,2025-01,,2.026,user_historical_ph
chicken,PH,2025-02,,2.026,user_historical_ph
chicken,PH,2025-03,,2.027,user_historical_ph
chicken,PH,2025-04,,2.027,user_historical_ph
chicken,PH,2025-05,,2.028,user_historical_ph
chicken,PH,2025-06,,2.028,user_historical_ph
chicken,PH,2025-07,,2.028,user_historical_ph
chicken,PH,2025-08,,2.029,user_historical_ph
chicken,PH,2025-09,,2.029,user_historical_ph
chicken,PH,2025-10,,2.029,user_historical_ph
chicken,PH,2025-11,,2.030,user_historical_ph
chicken,PH,2025-12,,2.030,user_historical_ph
chicken,PH,2026-01,,2.007,user_historical_ph
chicken,PH,2026-02,,2.007,user_historical_ph
chicken,PH,2026-03,,2.007,user_historical_ph
chicken,PH,2026-04,,2.007,user_historical_ph
chicken,PH,2026-05,,2.007,user_historical_ph
chicken,PH,2026-06,,2.007,user_historical_ph
chicken,PH,2026-07,,2.008,user_historical_ph
chicken,PH,2026-08,,2.008,user_historical_ph
egg,PH,2021-01,,1.862,user_historical_ph
egg,PH,2021-02,,1.866,user_historical_ph
egg,PH,2021-03,,1.869,user_historical_ph
egg,PH,2021-04,,1.876,user_historical_ph
egg,PH,2021-05,,1.879,user_historical_ph
egg,PH,2021-06,,1.883,user_historical_ph
egg,PH,2021-07,,1.886,user_historical_ph
egg,PH,2021-08,,1.890,user_historical_ph
egg,PH,2021-09,,1.897,user_historical_ph
egg,PH,2021-10,,1.900,user_historical_ph
egg,PH,2021-11,,1.903,user_historical_ph
egg,PH,2021-12,,1.907,user_historical_ph
egg,PH,2022-01,,1.749,user_historical_ph
egg,PH,2022-02,,1.752,user_historical_ph
egg,PH,2022-03,,1.756,user_historical_ph
egg,PH,2022-04,,1.762,user_historical_ph
egg,PH,2022-05,,1.765,user_historical_ph
egg,PH,2022-06,,1.768,user_historical_ph
egg,PH,2022-07,,1.771,user_historical_ph
egg,PH,2022-08,,1.774,user_historical_ph
egg,PH,2022-09,,1.781,user_historical_ph
egg,PH,2022-10,,1.784,user_historical_ph
egg,PH,2022-11,,1.787,user_historical_ph
egg,PH,2022-12,,1.790,user_historical_ph
egg,PH,2023-01,,1.780,user_historical_ph
egg,PH,2023-02,,1.783,user_historical_ph
egg,PH,2023-03,,1.786,user_historical_ph
egg,PH,2023-04,,1.792,user_historical_ph
egg,PH,2023-05,,1.795,user_historical_ph
egg,PH,2023-06,,1.798,user_historical_ph
egg,PH,2023-07,,1.801,user_historical_ph
egg,PH,2023-08,,1.805,user_historical_ph
egg,PH,2023-09,,1.811,user_historical_ph
egg,PH,2023-10,,1.814,user_historical_ph
egg,PH,2023-11,,1.817,user_historical_ph
egg,PH,2023-12,,1.820,user_historical_ph
egg,PH,2024-01,,1.813,user_historical_ph
egg,PH,2024-02,,1.816,user_historical_ph
egg,PH,2024-03,,1.816,user_historical_ph
egg,PH,2024-04,,1.819,user_historical_ph
egg,PH,2024-05,,1.819,user_historical_ph
egg,PH,2024-06,,1.822,user_historical_ph
egg,PH,2024-07,,1.825,user_historical_ph
egg,PH,2024-08,,1.825,user_historical_ph
egg,PH,2024-09,,1.828,user_historical_ph
egg,PH,2024-10,,1.828,user_historical_ph
egg,PH,2024-11,,1.831,user_historical_ph
egg,PH,2024-12,,1.834,user_historical_ph
egg,PH,2025-01,,1.817,user_historical_ph
egg,PH,2025-02,,1.817,user_historical_ph
egg,PH,2025-03,,1.820,user_historical_ph
egg,PH,2025-04,,1.820,user_historical_ph
egg,PH,2025-05,,1.823,user_historical_ph
egg,PH,2025-06,,1.823,user_historical_ph
egg,PH,2025-07,,1.823,user_historical_ph
egg,PH,2025-08,,1.826,user_historical_ph
egg,PH,2025-09,,1.826,user_historical_ph
egg,PH,2025-10,,1.829,user_historical_ph
egg,PH,2025-11,,1.829,user_historical_ph
egg,PH,2025-12,,1.829,user_historical_ph
egg,PH,2026-01,,1.843,user_historical_ph
egg,PH,2026-02,,1.849,user_historical_ph
egg,PH,2026-03,,1.852,user_historical_ph
egg,PH,2026-04,,1.858,user_historical_ph
egg,PH,2026-05,,1.861,user_historical_ph
egg,PH,2026-06,,1.867,user_historical_ph
egg,PH,2026-07,,1.873,user_historical_ph
egg,PH,2026-08,,1.876,user_historical_ph
pig,VN,2021-01,,3.67,user_corrected_vn_pig
pig,VN,2021-02,,3.32,user_corrected_vn_pig
pig,VN,2021-03,,3.27,user_corrected_vn_pig
pig,VN,2021-04,,3.14,user_corrected_vn_pig
pig,VN,2021-05,,2.96,user_corrected_vn_pig
pig,VN,2021-06,,2.91,user_corrected_vn_pig
pig,VN,2021-07,,2.30,user_corrected_vn_pig
pig,VN,2021-08,,2.26,user_corrected_vn_pig
pig,VN,2021-09,,2.09,user_corrected_vn_pig
pig,VN,2021-10,,1.75,user_corrected_vn_pig
pig,VN,2021-11,,2.10,user_corrected_vn_pig
pig,VN,2021-12,,2.17,user_corrected_vn_pig
pig,VN,2022-01,,2.41,user_corrected_vn_pig
pig,VN,2022-02,,2.38,user_corrected_vn_pig
pig,VN,2022-03,,2.33,user_corrected_vn_pig
pig,VN,2022-04,,2.40,user_corrected_vn_pig
pig,VN,2022-05,,2.42,user_corrected_vn_pig
pig,VN,2022-06,,2.46,user_corrected_vn_pig
pig,VN,2022-07,,2.79,user_corrected_vn_pig
pig,VN,2022-08,,2.74,user_corrected_vn_pig
pig,VN,2022-09,,2.64,user_corrected_vn_pig
pig,VN,2022-10,,2.46,user_corrected_vn_pig
pig,VN,2022-11,,2.32,user_corrected_vn_pig
pig,VN,2022-12,,2.19,user_corrected_vn_pig
pig,VN,2023-01,,2.10,user_corrected_vn_pig
pig,VN,2023-02,,2.07,user_corrected_vn_pig
pig,VN,2023-03,,2.03,user_corrected_vn_pig
pig,VN,2023-04,,2.11,user_corrected_vn_pig
pig,VN,2023-05,,2.32,user_corrected_vn_pig
pig,VN,2023-06,,2.53,user_corrected_vn_pig
pig,VN,2023-07,,2.57,user_corrected_vn_pig
pig,VN,2023-08,,2.44,user_corrected_vn_pig
pig,VN,2023-09,,2.33,user_corrected_vn_pig
pig,VN,2023-10,,2.23,user_corrected_vn_pig
pig,VN,2023-11,,2.17,user_corrected_vn_pig
pig,VN,2023-12,,2.00,user_corrected_vn_pig
pig,VN,2024-01,,2.11,user_corrected_vn_pig
pig,VN,2024-02,,2.23,user_corrected_vn_pig
pig,VN,2024-03,,2.33,user_corrected_vn_pig
pig,VN,2024-04,,2.39,user_corrected_vn_pig
pig,VN,2024-05,,2.52,user_corrected_vn_pig
pig,VN,2024-06,,2.79,user_corrected_vn_pig
pig,VN,2024-07,,2.73,user_corrected_vn_pig
pig,VN,2024-08,,2.67,user_corrected_vn_pig
pig,VN,2024-09,,2.72,user_corrected_vn_pig
pig,VN,2024-10,,2.59,user_corrected_vn_pig
pig,VN,2024-11,,2.49,user_corrected_vn_pig
pig,VN,2024-12,,2.60,user_corrected_vn_pig
pig,VN,2025-01,,2.63,user_corrected_vn_pig
pig,VN,2025-02,,2.69,user_corrected_vn_pig
pig,VN,2025-03,,2.91,user_corrected_vn_pig
pig,VN,2025-04,,2.75,user_corrected_vn_pig
pig,VN,2025-05,,2.58,user_corrected_vn_pig
pig,VN,2025-06,,2.50,user_corrected_vn_pig
pig,VN,2025-07,,2.45,user_corrected_vn_pig
pig,VN,2025-08,,2.32,user_corrected_vn_pig
pig,VN,2025-09,,2.23,user_corrected_vn_pig
pig,VN,2025-10,,2.04,user_corrected_vn_pig
pig,VN,2025-11,,1.99,user_corrected_vn_pig
pig,VN,2025-12,,2.60,user_corrected_vn_pig
pig,VN,2026-01,,2.86,user_corrected_vn_pig
pig,VN,2026-02,,2.70,user_corrected_vn_pig
pig,VN,2026-03,,2.53,user_corrected_vn_pig
pig,VN,2026-04,,2.40,user_corrected_vn_pig
pig,VN,2026-05,,2.32,user_corrected_vn_pig
pig,VN,2026-06,,2.45,user_corrected_vn_pig
pig,VN,2026-07,,2.43,user_corrected_vn_pig
pig,VN,2026-08,,2.24,user_corrected_vn_pig
pig,ID,2021-01,,2.2378,user_historical_id
chicken,ID,2021-01,,1.1888,user_historical_id
egg,ID,2021-01,,1.5385,user_historical_id
pig,ID,2021-02,,2.2548,user_historical_id
chicken,ID,2021-02,,1.2007,user_historical_id
egg,ID,2021-02,,1.5567,user_historical_id
pig,ID,2021-03,,2.2718,user_historical_id
chicken,ID,2021-03,,1.2125,user_historical_id
egg,ID,2021-03,,1.5749,user_historical_id
pig,ID,2021-04,,2.2887,user_historical_id
chicken,ID,2021-04,,1.2243,user_historical_id
egg,ID,2021-04,,1.5930,user_historical_id
pig,ID,2021-05,,2.3056,user_historical_id
chicken,ID,2021-05,,1.2361,user_historical_id
egg,ID,2021-05,,1.6111,user_historical_id
pig,ID,2021-06,,2.3224,user_historical_id
chicken,ID,2021-06,,1.2478,user_historical_id
egg,ID,2021-06,,1.6291,user_historical_id
pig,ID,2021-07,,2.3391,user_historical_id
chicken,ID,2021-07,,1.2595,user_historical_id
egg,ID,2021-07,,1.6471,user_historical_id
pig,ID,2021-08,,2.3558,user_historical_id
chicken,ID,2021-08,,1.2712,user_historical_id
egg,ID,2021-08,,1.6649,user_historical_id
pig,ID,2021-09,,2.3724,user_historical_id
chicken,ID,2021-09,,1.2828,user_historical_id
egg,ID,2021-09,,1.6828,user_historical_id
pig,ID,2021-10,,2.3890,user_historical_id
chicken,ID,2021-10,,1.2943,user_historical_id
egg,ID,2021-10,,1.7005,user_historical_id
pig,ID,2021-11,,2.4055,user_historical_id
chicken,ID,2021-11,,1.3058,user_historical_id
egg,ID,2021-11,,1.7182,user_historical_id
pig,ID,2021-12,,2.4220,user_historical_id
chicken,ID,2021-12,,1.3173,user_historical_id
egg,ID,2021-12,,1.7358,user_historical_id
pig,ID,2022-01,,2.4138,user_historical_id
chicken,ID,2022-01,,1.2759,user_historical_id
egg,ID,2022-01,,1.6552,user_historical_id
pig,ID,2022-02,,2.4338,user_historical_id
chicken,ID,2022-02,,1.2788,user_historical_id
egg,ID,2022-02,,1.6604,user_historical_id
pig,ID,2022-03,,2.4537,user_historical_id
chicken,ID,2022-03,,1.2817,user_historical_id
egg,ID,2022-03,,1.6655,user_historical_id
pig,ID,2022-04,,2.4735,user_historical_id
chicken,ID,2022-04,,1.2846,user_historical_id
egg,ID,2022-04,,1.6707,user_historical_id
pig,ID,2022-05,,2.4932,user_historical_id
chicken,ID,2022-05,,1.2875,user_historical_id
egg,ID,2022-05,,1.6757,user_historical_id
pig,ID,2022-06,,2.5127,user_historical_id
chicken,ID,2022-06,,1.2903,user_historical_id
egg,ID,2022-06,,1.6808,user_historical_id
pig,ID,2022-07,,2.5322,user_historical_id
chicken,ID,2022-07,,1.2932,user_historical_id
egg,ID,2022-07,,1.6858,user_historical_id
pig,ID,2022-08,,2.5515,user_historical_id
chicken,ID,2022-08,,1.2960,user_historical_id
egg,ID,2022-08,,1.6909,user_historical_id
pig,ID,2022-09,,2.5707,user_historical_id
chicken,ID,2022-09,,1.2988,user_historical_id
egg,ID,2022-09,,1.6958,user_historical_id
pig,ID,2022-10,,2.5897,user_historical_id
chicken,ID,2022-10,,1.3016,user_historical_id
egg,ID,2022-10,,1.7008,user_historical_id
pig,ID,2022-11,,2.6087,user_historical_id
chicken,ID,2022-11,,1.3043,user_historical_id
egg,ID,2022-11,,1.7057,user_historical_id
pig,ID,2022-12,,2.6275,user_historical_id
chicken,ID,2022-12,,1.3071,user_historical_id
egg,ID,2022-12,,1.7106,user_historical_id
pig,ID,2023-01,,2.4837,user_historical_id
chicken,ID,2023-01,,1.1111,user_historical_id
egg,ID,2023-01,,1.6340,user_historical_id
pig,ID,2023-02,,2.4813,user_historical_id
chicken,ID,2023-02,,1.1332,user_historical_id
egg,ID,2023-02,,1.6412,user_historical_id
pig,ID,2023-03,,2.4789,user_historical_id
chicken,ID,2023-03,,1.1551,user_historical_id
egg,ID,2023-03,,1.6483,user_historical_id
pig,ID,2023-04,,2.4766,user_historical_id
chicken,ID,2023-04,,1.1769,user_historical_id
egg,ID,2023-04,,1.6554,user_historical_id
pig,ID,2023-05,,2.4742,user_historical_id
chicken,ID,2023-05,,1.1985,user_historical_id
egg,ID,2023-05,,1.6624,user_historical_id
pig,ID,2023-06,,2.4719,user_historical_id
chicken,ID,2023-06,,1.2199,user_historical_id
egg,ID,2023-06,,1.6693,user_historical_id
pig,ID,2023-07,,2.4696,user_historical_id
chicken,ID,2023-07,,1.2412,user_historical_id
egg,ID,2023-07,,1.6763,user_historical_id
pig,ID,2023-08,,2.4673,user_historical_id
chicken,ID,2023-08,,1.2624,user_historical_id
egg,ID,2023-08,,1.6831,user_historical_id
pig,ID,2023-09,,2.4651,user_historical_id
chicken,ID,2023-09,,1.2834,user_historical_id
egg,ID,2023-09,,1.6900,user_historical_id
pig,ID,2023-10,,2.4628,user_historical_id
chicken,ID,2023-10,,1.3042,user_historical_id
egg,ID,2023-10,,1.6967,user_historical_id
pig,ID,2023-11,,2.4606,user_historical_id
chicken,ID,2023-11,,1.3249,user_historical_id
egg,ID,2023-11,,1.7035,user_historical_id
pig,ID,2023-12,,2.4583,user_historical_id
chicken,ID,2023-12,,1.3455,user_historical_id
egg,ID,2023-12,,1.7102,user_historical_id
pig,ID,2024-01,,2.4684,user_historical_id
chicken,ID,2024-01,,1.1709,user_historical_id
egg,ID,2024-01,,1.5696,user_historical_id
pig,ID,2024-02,,2.4803,user_historical_id
chicken,ID,2024-02,,1.1770,user_historical_id
egg,ID,2024-02,,1.5715,user_historical_id
pig,ID,2024-03,,2.4921,user_historical_id
chicken,ID,2024-03,,1.1831,user_historical_id
egg,ID,2024-03,,1.5733,user_historical_id
pig,ID,2024-04,,2.5039,user_historical_id
chicken,ID,2024-04,,1.1892,user_historical_id
egg,ID,2024-04,,1.5751,user_historical_id
pig,ID,2024-05,,2.5156,user_historical_id
chicken,ID,2024-05,,1.1952,user_historical_id
egg,ID,2024-05,,1.5770,user_historical_id
pig,ID,2024-06,,4.3682,user_historical_id
chicken,ID,2024-06,,1.2012,user_historical_id
egg,ID,2024-06,,1.5788,user_historical_id
pig,ID,2024-07,,3.6403,user_historical_id
chicken,ID,2024-07,,1.2072,user_historical_id
egg,ID,2024-07,,1.5806,user_historical_id
pig,ID,2024-08,,3.4130,user_historical_id
chicken,ID,2024-08,,1.2132,user_historical_id
egg,ID,2024-08,,1.5824,user_historical_id
pig,ID,2024-09,,3.1869,user_historical_id
chicken,ID,2024-09,,1.2191,user_historical_id
egg,ID,2024-09,,1.5842,user_historical_id
pig,ID,2024-10,,2.9620,user_historical_id
chicken,ID,2024-10,,1.2249,user_historical_id
egg,ID,2024-10,,1.5859,user_historical_id
pig,ID,2024-11,,2.7385,user_historical_id
chicken,ID,2024-11,,1.2308,user_historical_id
egg,ID,2024-11,,1.5877,user_historical_id
pig,ID,2024-12,,2.5161,user_historical_id
chicken,ID,2024-12,,1.2366,user_historical_id
egg,ID,2024-12,,1.5894,user_historical_id
pig,ID,2025-01,,2.4691,user_historical_id
chicken,ID,2025-01,,1.2037,user_historical_id
egg,ID,2025-01,,1.5278,user_historical_id
pig,ID,2025-02,,2.4800,user_historical_id
chicken,ID,2025-02,,1.2015,user_historical_id
egg,ID,2025-02,,1.5250,user_historical_id
pig,ID,2025-03,,2.4908,user_historical_id
chicken,ID,2025-03,,1.1993,user_historical_id
egg,ID,2025-03,,1.5221,user_historical_id
pig,ID,2025-04,,2.5015,user_historical_id
chicken,ID,2025-04,,1.1971,user_historical_id
egg,ID,2025-04,,1.4426,user_historical_id
pig,ID,2025-05,,2.5123,user_historical_id
chicken,ID,2025-05,,1.1949,user_historical_id
egg,ID,2025-05,,1.4093,user_historical_id
pig,ID,2025-06,,2.5229,user_historical_id
chicken,ID,2025-06,,1.1927,user_historical_id
egg,ID,2025-06,,1.3761,user_historical_id
pig,ID,2025-07,,2.5336,user_historical_id
chicken,ID,2025-07,,1.2393,user_historical_id
egg,ID,2025-07,,1.3431,user_historical_id
pig,ID,2025-08,,2.5442,user_historical_id
chicken,ID,2025-08,,1.2553,user_historical_id
egg,ID,2025-08,,1.3102,user_historical_id
pig,ID,2025-09,,2.5547,user_historical_id
chicken,ID,2025-09,,1.2713,user_historical_id
egg,ID,2025-09,,1.2774,user_historical_id
pig,ID,2025-10,,2.5653,user_historical_id
chicken,ID,2025-10,,1.2872,user_historical_id
egg,ID,2025-10,,1.2447,user_historical_id
pig,ID,2025-11,,2.5758,user_historical_id
chicken,ID,2025-11,,1.3030,user_historical_id
egg,ID,2025-11,,1.2121,user_historical_id
pig,ID,2025-12,,2.5862,user_historical_id
chicken,ID,2025-12,,1.3188,user_historical_id
egg,ID,2025-12,,1.1797,user_historical_id
pig,ID,2026-01,,2.3902,user_historical_id
chicken,ID,2026-01,,1.2805,user_historical_id
egg,ID,2026-01,,1.2805,user_historical_id
pig,ID,2026-02,,2.3698,user_historical_id
chicken,ID,2026-02,,1.2549,user_historical_id
egg,ID,2026-02,,1.2549,user_historical_id
pig,ID,2026-03,,2.3494,user_historical_id
chicken,ID,2026-03,,1.2295,user_historical_id
egg,ID,2026-03,,1.2295,user_historical_id
pig,ID,2026-04,,2.2803,user_historical_id
chicken,ID,2026-04,,1.2040,user_historical_id
egg,ID,2026-04,,1.2466,user_historical_id
pig,ID,2026-05,,2.3208,user_historical_id
chicken,ID,2026-05,,1.0328,user_historical_id
egg,ID,2026-05,,1.2151,user_historical_id
pig,ID,2026-06,,2.3308,user_historical_id
chicken,ID,2026-06,,0.8498,user_historical_id
egg,ID,2026-06,,1.2443,user_historical_id
pig,ID,2026-07,,2.3408,user_historical_id
chicken,ID,2026-07,,0.9703,user_historical_id
egg,ID,2026-07,,1.1219,user_historical_id
pig,ID,2026-08,,2.3508,user_historical_id
chicken,ID,2026-08,,1.0603,user_historical_id
egg,ID,2026-08,,1.2118,user_historical_id
egg,MY,2021-01,,1.2107,user_historical_my
egg,MY,2021-02,,1.2107,user_historical_my
egg,MY,2021-03,,1.251,user_historical_my
egg,MY,2021-04,,1.251,user_historical_my
egg,MY,2021-05,,1.2914,user_historical_my
egg,MY,2021-06,,1.2914,user_historical_my
egg,MY,2021-07,,1.3317,user_historical_my
egg,MY,2021-08,,1.3317,user_historical_my
egg,MY,2021-09,,1.3317,user_historical_my
egg,MY,2021-10,,1.3317,user_historical_my
egg,MY,2021-11,,1.3317,user_historical_my
egg,MY,2021-12,,1.3317,user_historical_my
egg,MY,2022-01,,1.2879,user_historical_my
egg,MY,2022-02,,1.4773,user_historical_my
egg,MY,2022-03,,1.4773,user_historical_my
egg,MY,2022-04,,1.4773,user_historical_my
egg,MY,2022-05,,1.4773,user_historical_my
egg,MY,2022-06,,1.4773,user_historical_my
egg,MY,2022-07,,1.4773,user_historical_my
egg,MY,2022-08,,1.4773,user_historical_my
egg,MY,2022-09,,1.4773,user_historical_my
egg,MY,2022-10,,1.4773,user_historical_my
egg,MY,2022-11,,1.4773,user_historical_my
egg,MY,2022-12,,1.4773,user_historical_my
egg,MY,2023-01,,1.4255,user_historical_my
egg,MY,2023-02,,1.4255,user_historical_my
egg,MY,2023-03,,1.4255,user_historical_my
egg,MY,2023-04,,1.4437,user_historical_my
egg,MY,2023-05,,1.462,user_historical_my
egg,MY,2023-06,,1.462,user_historical_my
egg,MY,2023-07,,1.462,user_historical_my
egg,MY,2023-08,,1.462,user_historical_my
egg,MY,2023-09,,1.462,user_historical_my
egg,MY,2023-10,,1.462,user_historical_my
egg,MY,2023-11,,1.4803,user_historical_my
egg,MY,2023-12,,1.4986,user_historical_my
egg,MY,2024-01,,1.4915,user_historical_my
egg,MY,2024-02,,1.4728,user_historical_my
egg,MY,2024-03,,1.4542,user_historical_my
egg,MY,2024-04,,1.4355,user_historical_my
egg,MY,2024-05,,1.4169,user_historical_my
egg,MY,2024-06,,1.4169,user_historical_my
egg,MY,2024-07,,1.4169,user_historical_my
egg,MY,2024-08,,1.4169,user_historical_my
egg,MY,2024-09,,1.4169,user_historical_my
egg,MY,2024-10,,1.4169,user_historical_my
egg,MY,2024-11,,1.3982,user_historical_my
egg,MY,2024-12,,1.3796,user_historical_my
egg,MY,2025-01,,1.3763,user_historical_my
egg,MY,2025-02,,1.3575,user_historical_my
egg,MY,2025-03,,1.3575,user_historical_my
egg,MY,2025-04,,1.3575,user_historical_my
egg,MY,2025-05,,1.3575,user_historical_my
egg,MY,2025-06,,1.3575,user_historical_my
egg,MY,2025-07,,1.3575,user_historical_my
egg,MY,2025-08,,1.3575,user_historical_my
egg,MY,2025-09,,1.365,user_historical_my
egg,MY,2025-10,,1.3726,user_historical_my
egg,MY,2025-11,,1.3801,user_historical_my
egg,MY,2025-12,,1.3801,user_historical_my
egg,MY,2026-01,,1.4186,user_historical_my
egg,MY,2026-02,,1.4186,user_historical_my
egg,MY,2026-03,,1.4186,user_historical_my
egg,MY,2026-04,,1.4186,user_historical_my
egg,MY,2026-05,,1.4341,user_historical_my
egg,MY,2026-06,,1.4341,user_historical_my
egg,MY,2026-07,,1.4341,user_historical_my
egg,MY,2026-08,,1.4341,user_historical_my
chicken,MY,2021-01,,1.816,user_historical_my
chicken,MY,2021-02,,1.816,user_historical_my
chicken,MY,2021-03,,1.8402,user_historical_my
chicken,MY,2021-04,,1.8644,user_historical_my
chicken,MY,2021-05,,1.8886,user_historical_my
chicken,MY,2021-06,,1.9128,user_historical_my
chicken,MY,2021-07,,1.9128,user_historical_my
chicken,MY,2021-08,,1.8886,user_historical_my
chicken,MY,2021-09,,1.8886,user_historical_my
chicken,MY,2021-10,,1.8644,user_historical_my
chicken,MY,2021-11,,1.8644,user_historical_my
chicken,MY,2021-12,,1.8886,user_historical_my
chicken,MY,2022-01,,1.3864,user_historical_my
chicken,MY,2022-02,,1.4773,user_historical_my
chicken,MY,2022-03,,1.5909,user_historical_my
chicken,MY,2022-04,,1.7045,user_historical_my
chicken,MY,2022-05,,1.7727,user_historical_my
chicken,MY,2022-06,,1.8636,user_historical_my
chicken,MY,2022-07,,1.8864,user_historical_my
chicken,MY,2022-08,,1.8636,user_historical_my
chicken,MY,2022-09,,1.8182,user_historical_my
chicken,MY,2022-10,,1.7955,user_historical_my
chicken,MY,2022-11,,1.7727,user_historical_my
chicken,MY,2022-12,,1.7727,user_historical_my
chicken,MY,2023-01,,1.6447,user_historical_my
chicken,MY,2023-02,,1.5789,user_historical_my
chicken,MY,2023-03,,1.5132,user_historical_my
chicken,MY,2023-04,,1.4474,user_historical_my
chicken,MY,2023-05,,1.3816,user_historical_my
chicken,MY,2023-06,,1.3377,user_historical_my
chicken,MY,2023-07,,1.3048,user_historical_my
chicken,MY,2023-08,,1.2939,user_historical_my
chicken,MY,2023-09,,1.2895,user_historical_my
chicken,MY,2023-10,,1.2829,user_historical_my
chicken,MY,2023-11,,1.2829,user_historical_my
chicken,MY,2023-12,,1.4013,user_historical_my
chicken,MY,2024-01,,1.3714,user_historical_my
chicken,MY,2024-02,,1.349,user_historical_my
chicken,MY,2024-03,,1.3535,user_historical_my
chicken,MY,2024-04,,1.3647,user_historical_my
chicken,MY,2024-05,,1.3758,user_historical_my
chicken,MY,2024-06,,1.387,user_historical_my
chicken,MY,2024-07,,1.3982,user_historical_my
chicken,MY,2024-08,,1.3982,user_historical_my
chicken,MY,2024-09,,1.4094,user_historical_my
chicken,MY,2024-10,,1.4094,user_historical_my
chicken,MY,2024-11,,1.4206,user_historical_my
chicken,MY,2024-12,,1.4206,user_historical_my
chicken,MY,2025-01,,1.4253,user_historical_my
chicken,MY,2025-02,,1.4253,user_historical_my
chicken,MY,2025-03,,1.4367,user_historical_my
chicken,MY,2025-04,,1.448,user_historical_my
chicken,MY,2025-05,,1.4593,user_historical_my
chicken,MY,2025-06,,1.4706,user_historical_my
chicken,MY,2025-07,,1.4819,user_historical_my
chicken,MY,2025-08,,1.4819,user_historical_my
chicken,MY,2025-09,,1.4819,user_historical_my
chicken,MY,2025-10,,1.4706,user_historical_my
chicken,MY,2025-11,,1.4706,user_historical_my
chicken,MY,2025-12,,1.4706,user_historical_my
chicken,MY,2026-01,,1.5,user_historical_my
chicken,MY,2026-02,,1.4884,user_historical_my
chicken,MY,2026-03,,1.4767,user_historical_my
chicken,MY,2026-04,,1.4651,user_historical_my
chicken,MY,2026-05,,1.4651,user_historical_my
chicken,MY,2026-06,,1.4651,user_historical_my
chicken,MY,2026-07,,1.4651,user_historical_my
chicken,MY,2026-08,,1.4651,user_historical_my
egg,MY,2021-01,,1.2107,user_historical_my
egg,MY,2021-02,,1.2107,user_historical_my
egg,MY,2021-03,,1.251,user_historical_my
egg,MY,2021-04,,1.251,user_historical_my
egg,MY,2021-05,,1.2914,user_historical_my
egg,MY,2021-06,,1.2914,user_historical_my
egg,MY,2021-07,,1.3317,user_historical_my
egg,MY,2021-08,,1.3317,user_historical_my
egg,MY,2021-09,,1.3317,user_historical_my
egg,MY,2021-10,,1.3317,user_historical_my
egg,MY,2021-11,,1.3317,user_historical_my
egg,MY,2021-12,,1.3317,user_historical_my
egg,MY,2022-01,,1.2879,user_historical_my
egg,MY,2022-02,,1.4773,user_historical_my
egg,MY,2022-03,,1.4773,user_historical_my
egg,MY,2022-04,,1.4773,user_historical_my
egg,MY,2022-05,,1.4773,user_historical_my
egg,MY,2022-06,,1.4773,user_historical_my
egg,MY,2022-07,,1.4773,user_historical_my
egg,MY,2022-08,,1.4773,user_historical_my
egg,MY,2022-09,,1.4773,user_historical_my
egg,MY,2022-10,,1.4773,user_historical_my
egg,MY,2022-11,,1.4773,user_historical_my
egg,MY,2022-12,,1.4773,user_historical_my
egg,MY,2023-01,,1.4255,user_historical_my
egg,MY,2023-02,,1.4255,user_historical_my
egg,MY,2023-03,,1.4255,user_historical_my
egg,MY,2023-04,,1.4437,user_historical_my
egg,MY,2023-05,,1.462,user_historical_my
egg,MY,2023-06,,1.462,user_historical_my
egg,MY,2023-07,,1.462,user_historical_my
egg,MY,2023-08,,1.462,user_historical_my
egg,MY,2023-09,,1.462,user_historical_my
egg,MY,2023-10,,1.462,user_historical_my
egg,MY,2023-11,,1.4803,user_historical_my
egg,MY,2023-12,,1.4986,user_historical_my
egg,MY,2024-01,,1.4915,user_historical_my
egg,MY,2024-02,,1.4728,user_historical_my
egg,MY,2024-03,,1.4542,user_historical_my
egg,MY,2024-04,,1.4355,user_historical_my
egg,MY,2024-05,,1.4169,user_historical_my
egg,MY,2024-06,,1.4169,user_historical_my
egg,MY,2024-07,,1.4169,user_historical_my
egg,MY,2024-08,,1.4169,user_historical_my
egg,MY,2024-09,,1.4169,user_historical_my
egg,MY,2024-10,,1.4169,user_historical_my
egg,MY,2024-11,,1.3982,user_historical_my
egg,MY,2024-12,,1.3796,user_historical_my
egg,MY,2025-01,,1.3763,user_historical_my
egg,MY,2025-02,,1.3575,user_historical_my
egg,MY,2025-03,,1.3575,user_historical_my
egg,MY,2025-04,,1.3575,user_historical_my
egg,MY,2025-05,,1.3575,user_historical_my
egg,MY,2025-06,,1.3575,user_historical_my
egg,MY,2025-07,,1.3575,user_historical_my
egg,MY,2025-08,,1.3575,user_historical_my
egg,MY,2025-09,,1.365,user_historical_my
egg,MY,2025-10,,1.3726,user_historical_my
egg,MY,2025-11,,1.3801,user_historical_my
egg,MY,2025-12,,1.3801,user_historical_my
egg,MY,2026-01,,1.4186,user_historical_my
egg,MY,2026-02,,1.4186,user_historical_my
egg,MY,2026-03,,1.4186,user_historical_my
egg,MY,2026-04,,1.4186,user_historical_my
egg,MY,2026-05,,1.4341,user_historical_my
egg,MY,2026-06,,1.4341,user_historical_my
egg,MY,2026-07,,1.4341,user_historical_my
egg,MY,2026-08,,1.4341,user_historical_my
chicken,MY,2021-01,,1.816,user_historical_my
chicken,MY,2021-02,,1.816,user_historical_my
chicken,MY,2021-03,,1.8402,user_historical_my
chicken,MY,2021-04,,1.8644,user_historical_my
chicken,MY,2021-05,,1.8886,user_historical_my
chicken,MY,2021-06,,1.9128,user_historical_my
chicken,MY,2021-07,,1.9128,user_historical_my
chicken,MY,2021-08,,1.8886,user_historical_my
chicken,MY,2021-09,,1.8886,user_historical_my
chicken,MY,2021-10,,1.8644,user_historical_my
chicken,MY,2021-11,,1.8644,user_historical_my
chicken,MY,2021-12,,1.8886,user_historical_my
chicken,MY,2022-01,,1.3864,user_historical_my
chicken,MY,2022-02,,1.4773,user_historical_my
chicken,MY,2022-03,,1.5909,user_historical_my
chicken,MY,2022-04,,1.7045,user_historical_my
chicken,MY,2022-05,,1.7727,user_historical_my
chicken,MY,2022-06,,1.8636,user_historical_my
chicken,MY,2022-07,,1.8864,user_historical_my
chicken,MY,2022-08,,1.8636,user_historical_my
chicken,MY,2022-09,,1.8182,user_historical_my
chicken,MY,2022-10,,1.7955,user_historical_my
chicken,MY,2022-11,,1.7727,user_historical_my
chicken,MY,2022-12,,1.7727,user_historical_my
chicken,MY,2023-01,,1.6447,user_historical_my
chicken,MY,2023-02,,1.5789,user_historical_my
chicken,MY,2023-03,,1.5132,user_historical_my
chicken,MY,2023-04,,1.4474,user_historical_my
chicken,MY,2023-05,,1.3816,user_historical_my
chicken,MY,2023-06,,1.3377,user_historical_my
chicken,MY,2023-07,,1.3048,user_historical_my
chicken,MY,2023-08,,1.2939,user_historical_my
chicken,MY,2023-09,,1.2895,user_historical_my
chicken,MY,2023-10,,1.2829,user_historical_my
chicken,MY,2023-11,,1.2829,user_historical_my
chicken,MY,2023-12,,1.4013,user_historical_my
chicken,MY,2024-01,,1.3714,user_historical_my
chicken,MY,2024-02,,1.349,user_historical_my
chicken,MY,2024-03,,1.3535,user_historical_my
chicken,MY,2024-04,,1.3647,user_historical_my
chicken,MY,2024-05,,1.3758,user_historical_my
chicken,MY,2024-06,,1.387,user_historical_my
chicken,MY,2024-07,,1.3982,user_historical_my
chicken,MY,2024-08,,1.3982,user_historical_my
chicken,MY,2024-09,,1.4094,user_historical_my
chicken,MY,2024-10,,1.4094,user_historical_my
chicken,MY,2024-11,,1.4206,user_historical_my
chicken,MY,2024-12,,1.4206,user_historical_my
chicken,MY,2025-01,,1.4253,user_historical_my
chicken,MY,2025-02,,1.4253,user_historical_my
chicken,MY,2025-03,,1.4367,user_historical_my
chicken,MY,2025-04,,1.448,user_historical_my
chicken,MY,2025-05,,1.4593,user_historical_my
chicken,MY,2025-06,,1.4706,user_historical_my
chicken,MY,2025-07,,1.4819,user_historical_my
chicken,MY,2025-08,,1.4819,user_historical_my
chicken,MY,2025-09,,1.4819,user_historical_my
chicken,MY,2025-10,,1.4706,user_historical_my
chicken,MY,2025-11,,1.4706,user_historical_my
chicken,MY,2025-12,,1.4706,user_historical_my
chicken,MY,2026-01,,1.5,user_historical_my
chicken,MY,2026-02,,1.4884,user_historical_my
chicken,MY,2026-03,,1.4767,user_historical_my
chicken,MY,2026-04,,1.4651,user_historical_my
chicken,MY,2026-05,,1.4651,user_historical_my
chicken,MY,2026-06,,1.4651,user_historical_my
chicken,MY,2026-07,,1.4651,user_historical_my
chicken,MY,2026-08,,1.4651,user_historical_my
egg,BD,2021-01,,1.2954,user_historical_bd
egg,BD,2021-02,,1.2965,user_historical_bd
egg,BD,2021-03,,1.3117,user_historical_bd
egg,BD,2021-04,,1.3136,user_historical_bd
egg,BD,2021-05,,1.3291,user_historical_bd
egg,BD,2021-06,,1.3465,user_historical_bd
egg,BD,2021-07,,1.365,user_historical_bd
egg,BD,2021-08,,1.3979,user_historical_bd
egg,BD,2021-09,,1.4269,user_historical_bd
egg,BD,2021-10,,1.4389,user_historical_bd
egg,BD,2021-11,,1.4714,user_historical_bd
egg,BD,2021-12,,1.4866,user_historical_bd
egg,BD,2022-01,,1.5199,user_historical_bd
egg,BD,2022-02,,1.5517,user_historical_bd
egg,BD,2022-03,,1.6005,user_historical_bd
egg,BD,2022-04,,1.6779,user_historical_bd
egg,BD,2022-05,,1.7441,user_historical_bd
egg,BD,2022-06,,1.7268,user_historical_bd
egg,BD,2022-07,,1.7769,user_historical_bd
egg,BD,2022-08,,1.9096,user_historical_bd
egg,BD,2022-09,,1.9208,user_historical_bd
egg,BD,2022-10,,1.7027,user_historical_bd
egg,BD,2022-11,,1.5595,user_historical_bd
egg,BD,2022-12,,1.4657,user_historical_bd
egg,BD,2023-01,,1.5101,user_historical_bd
egg,BD,2023-02,,1.449,user_historical_bd
egg,BD,2023-03,,1.4256,user_historical_bd
egg,BD,2023-04,,1.4519,user_historical_bd
egg,BD,2023-05,,1.4784,user_historical_bd
egg,BD,2023-06,,1.4933,user_historical_bd
egg,BD,2023-07,,1.5163,user_historical_bd
egg,BD,2023-08,,1.544,user_historical_bd
egg,BD,2023-09,,1.5755,user_historical_bd
egg,BD,2023-10,,1.5976,user_historical_bd
egg,BD,2023-11,,1.6226,user_historical_bd
egg,BD,2023-12,,1.6669,user_historical_bd
egg,BD,2024-01,,1.7311,user_historical_bd
egg,BD,2024-02,,1.6892,user_historical_bd
egg,BD,2024-03,,1.608,user_historical_bd
egg,BD,2024-04,,1.6097,user_historical_bd
egg,BD,2024-05,,1.546,user_historical_bd
egg,BD,2024-06,,1.5777,user_historical_bd
egg,BD,2024-07,,1.6166,user_historical_bd
egg,BD,2024-08,,1.6321,user_historical_bd
egg,BD,2024-09,,1.6388,user_historical_bd
egg,BD,2024-10,,1.6763,user_historical_bd
egg,BD,2024-11,,1.7123,user_historical_bd
egg,BD,2024-12,,1.7386,user_historical_bd
egg,BD,2025-01,,1.5178,user_historical_bd
egg,BD,2025-02,,1.4958,user_historical_bd
egg,BD,2025-03,,1.4763,user_historical_bd
egg,BD,2025-04,,1.4453,user_historical_bd
egg,BD,2025-05,,1.4109,user_historical_bd
egg,BD,2025-06,,1.383,user_historical_bd
egg,BD,2025-07,,1.4074,user_historical_bd
egg,BD,2025-08,,1.4428,user_historical_bd
egg,BD,2025-09,,1.4737,user_historical_bd
egg,BD,2025-10,,1.492,user_historical_bd
egg,BD,2025-11,,1.5122,user_historical_bd
egg,BD,2025-12,,1.5423,user_historical_bd
egg,BD,2026-01,,1.6143,user_historical_bd
egg,BD,2026-02,,1.5824,user_historical_bd
egg,BD,2026-03,,1.5459,user_historical_bd
egg,BD,2026-04,,1.5205,user_historical_bd
egg,BD,2026-05,,1.5205,user_historical_bd
egg,BD,2026-06,,1.5422,user_historical_bd
egg,BD,2026-07,,1.5747,user_historical_bd
egg,BD,2026-08,,1.6074,user_historical_bd
chicken,BD,2021-01,,1.5415,user_historical_bd
chicken,BD,2021-02,,1.5227,user_historical_bd
chicken,BD,2021-03,,1.5729,user_historical_bd
chicken,BD,2021-04,,1.6058,user_historical_bd
chicken,BD,2021-05,,1.6032,user_historical_bd
chicken,BD,2021-06,,1.5521,user_historical_bd
chicken,BD,2021-07,,1.4716,user_historical_bd
chicken,BD,2021-08,,1.6716,user_historical_bd
chicken,BD,2021-09,,1.6137,user_historical_bd
chicken,BD,2021-10,,1.507,user_historical_bd
chicken,BD,2021-11,,1.5545,user_historical_bd
chicken,BD,2021-12,,1.5238,user_historical_bd
chicken,BD,2022-01,,1.7121,user_historical_bd
chicken,BD,2022-02,,1.5641,user_historical_bd
chicken,BD,2022-03,,1.4631,user_historical_bd
chicken,BD,2022-04,,1.6524,user_historical_bd
chicken,BD,2022-05,,1.5404,user_historical_bd
chicken,BD,2022-06,,1.4366,user_historical_bd
chicken,BD,2022-07,,1.3601,user_historical_bd
chicken,BD,2022-08,,1.6807,user_historical_bd
chicken,BD,2022-09,,1.5407,user_historical_bd
chicken,BD,2022-10,,1.463,user_historical_bd
chicken,BD,2022-11,,1.4372,user_historical_bd
chicken,BD,2022-12,,1.2945,user_historical_bd
chicken,BD,2023-01,,1.4192,user_historical_bd
chicken,BD,2023-02,,1.3596,user_historical_bd
chicken,BD,2023-03,,1.3236,user_historical_bd
chicken,BD,2023-04,,1.3463,user_historical_bd
chicken,BD,2023-05,,1.3492,user_historical_bd
chicken,BD,2023-06,,1.3532,user_historical_bd
chicken,BD,2023-07,,1.3729,user_historical_bd
chicken,BD,2023-08,,1.385,user_historical_bd
chicken,BD,2023-09,,1.3933,user_historical_bd
chicken,BD,2023-10,,1.4042,user_historical_bd
chicken,BD,2023-11,,1.4249,user_historical_bd
chicken,BD,2023-12,,1.4529,user_historical_bd
chicken,BD,2024-01,,1.4554,user_historical_bd
chicken,BD,2024-02,,1.4163,user_historical_bd
chicken,BD,2024-03,,1.3844,user_historical_bd
chicken,BD,2024-04,,1.3406,user_historical_bd
chicken,BD,2024-05,,1.2914,user_historical_bd
chicken,BD,2024-06,,1.3016,user_historical_bd
chicken,BD,2024-07,,1.3233,user_historical_bd
chicken,BD,2024-08,,1.3364,user_historical_bd
chicken,BD,2024-09,,1.3356,user_historical_bd
chicken,BD,2024-10,,1.3497,user_historical_bd
chicken,BD,2024-11,,1.3704,user_historical_bd
chicken,BD,2024-12,,1.3922,user_historical_bd
chicken,BD,2025-01,,1.315,user_historical_bd
chicken,BD,2025-02,,1.3018,user_historical_bd
chicken,BD,2025-03,,1.2842,user_historical_bd
chicken,BD,2025-04,,1.2649,user_historical_bd
chicken,BD,2025-05,,1.2822,user_historical_bd
chicken,BD,2025-06,,1.2962,user_historical_bd
chicken,BD,2025-07,,1.3117,user_historical_bd
chicken,BD,2025-08,,1.3285,user_historical_bd
chicken,BD,2025-09,,1.3477,user_historical_bd
chicken,BD,2025-10,,1.364,user_historical_bd
chicken,BD,2025-11,,1.3757,user_historical_bd
chicken,BD,2025-12,,1.3877,user_historical_bd
chicken,BD,2026-01,,1.4422,user_historical_bd
chicken,BD,2026-02,,1.4299,user_historical_bd
chicken,BD,2026-03,,1.4059,user_historical_bd
chicken,BD,2026-04,,1.3896,user_historical_bd
chicken,BD,2026-05,,1.3896,user_historical_bd
chicken,BD,2026-06,,1.4026,user_historical_bd
chicken,BD,2026-07,,1.4155,user_historical_bd
chicken,BD,2026-08,,1.436,user_historical_bd
pig,TH,2021-01,,2.666,user_historical_th_oae
pig,TH,2021-02,,2.664,user_historical_th_oae
pig,TH,2021-03,,2.601,user_historical_th_oae
pig,TH,2021-04,,2.552,user_historical_th_oae
pig,TH,2021-05,,2.556,user_historical_th_oae
pig,TH,2021-06,,2.546,user_historical_th_oae
pig,TH,2021-07,,2.453,user_historical_th_oae
pig,TH,2021-08,,2.415,user_historical_th_oae
pig,TH,2021-09,,2.426,user_historical_th_oae
pig,TH,2021-10,,2.396,user_historical_th_oae
pig,TH,2021-11,,2.419,user_historical_th_oae
pig,TH,2021-12,,2.532,user_historical_th_oae
pig,TH,2022-01,,3.333,user_historical_th_oae
pig,TH,2022-02,,2.827,user_historical_th_oae
pig,TH,2022-03,,2.663,user_historical_th_oae
pig,TH,2022-04,,2.794,user_historical_th_oae
pig,TH,2022-05,,2.924,user_historical_th_oae
pig,TH,2022-06,,2.907,user_historical_th_oae
pig,TH,2022-07,,2.89,user_historical_th_oae
pig,TH,2022-08,,3.017,user_historical_th_oae
pig,TH,2022-09,,3.0,user_historical_th_oae
pig,TH,2022-10,,2.983,user_historical_th_oae
pig,TH,2022-11,,2.881,user_historical_th_oae
pig,TH,2022-12,,2.809,user_historical_th_oae
pig,TH,2023-01,,2.808,user_historical_th_oae
pig,TH,2023-02,,2.436,user_historical_th_oae
pig,TH,2023-03,,2.292,user_historical_th_oae
pig,TH,2023-04,,2.5,user_historical_th_oae
pig,TH,2023-05,,2.442,user_historical_th_oae
pig,TH,2023-06,,2.161,user_historical_th_oae
pig,TH,2023-07,,2.017,user_historical_th_oae
pig,TH,2023-08,,2.017,user_historical_th_oae
pig,TH,2023-09,,1.868,user_historical_th_oae
pig,TH,2023-10,,1.719,user_historical_th_oae
pig,TH,2023-11,,1.857,user_historical_th_oae
pig,TH,2023-12,,1.994,user_historical_th_oae
pig,TH,2024-01,,2.0,user_historical_th_oae
pig,TH,2024-02,,1.91,user_historical_th_oae
pig,TH,2024-03,,1.71,user_historical_th_oae
pig,TH,2024-04,,1.866,user_historical_th_oae
pig,TH,2024-05,,1.983,user_historical_th_oae
pig,TH,2024-06,,1.869,user_historical_th_oae
pig,TH,2024-07,,1.945,user_historical_th_oae
pig,TH,2024-08,,2.071,user_historical_th_oae
pig,TH,2024-09,,2.187,user_historical_th_oae
pig,TH,2024-10,,2.12,user_historical_th_oae
pig,TH,2024-11,,2.127,user_historical_th_oae
pig,TH,2024-12,,2.125,user_historical_th_oae
pig,TH,2025-01,,2.283,user_historical_th_oae
pig,TH,2025-02,,2.377,user_historical_th_oae
pig,TH,2025-03,,2.238,user_historical_th_oae
pig,TH,2025-04,,2.507,user_historical_th_oae
pig,TH,2025-05,,2.587,user_historical_th_oae
pig,TH,2025-06,,2.609,user_historical_th_oae
pig,TH,2025-07,,1.947,user_historical_th_oae
pig,TH,2025-08,,1.893,user_historical_th_oae
pig,TH,2025-09,,1.84,user_historical_th_oae
pig,TH,2025-10,,1.845,user_historical_th_oae
pig,TH,2025-11,,1.821,user_historical_th_oae
pig,TH,2025-12,,1.826,user_historical_th_oae
pig,TH,2026-01,,2.166,user_historical_th_oae
pig,TH,2026-02,,2.196,user_historical_th_oae
pig,TH,2026-03,,2.109,user_historical_th_oae
pig,TH,2026-04,,2.038,user_historical_th_oae
pig,TH,2026-05,,1.778,user_historical_th_oae
pig,TH,2026-06,,1.938,user_historical_th_oae
pig,TH,2026-07,,2.055,user_historical_th_oae
pig,TH,2026-08,,2.317,user_historical_th_oae
egg,IN,2021-01,,1.0291,user_historical_in
egg,IN,2021-02,,1.0312,user_historical_in
egg,IN,2021-03,,1.0334,user_historical_in
egg,IN,2021-04,,1.0355,user_historical_in
egg,IN,2021-05,,1.0375,user_historical_in
egg,IN,2021-06,,1.0396,user_historical_in
egg,IN,2021-07,,1.0417,user_historical_in
egg,IN,2021-08,,1.0509,user_historical_in
egg,IN,2021-09,,1.0604,user_historical_in
egg,IN,2021-10,,1.0695,user_historical_in
egg,IN,2021-11,,1.0786,user_historical_in
egg,IN,2021-12,,1.0878,user_historical_in
egg,IN,2022-01,,1.0968,user_historical_in
egg,IN,2022-02,,1.1018,user_historical_in
egg,IN,2022-03,,1.1066,user_historical_in
egg,IN,2022-04,,1.1115,user_historical_in
egg,IN,2022-05,,1.1164,user_historical_in
egg,IN,2022-06,,1.1210,user_historical_in
egg,IN,2022-07,,1.1259,user_historical_in
egg,IN,2022-08,,1.1271,user_historical_in
egg,IN,2022-09,,1.1283,user_historical_in
egg,IN,2022-10,,1.1295,user_historical_in
egg,IN,2022-11,,1.1307,user_historical_in
egg,IN,2022-12,,1.1319,user_historical_in
egg,IN,2023-01,,1.1331,user_historical_in
egg,IN,2023-02,,1.1369,user_historical_in
egg,IN,2023-03,,1.1408,user_historical_in
egg,IN,2023-04,,1.1445,user_historical_in
egg,IN,2023-05,,1.1482,user_historical_in
egg,IN,2023-06,,1.1521,user_historical_in
egg,IN,2023-07,,1.1557,user_historical_in
egg,IN,2023-08,,1.1561,user_historical_in
egg,IN,2023-09,,1.1563,user_historical_in
egg,IN,2023-10,,1.1567,user_historical_in
egg,IN,2023-11,,1.1571,user_historical_in
egg,IN,2023-12,,1.1573,user_historical_in
egg,IN,2024-01,,1.1577,user_historical_in
egg,IN,2024-02,,1.1616,user_historical_in
egg,IN,2024-03,,1.1657,user_historical_in
egg,IN,2024-04,,1.1696,user_historical_in
egg,IN,2024-05,,1.1735,user_historical_in
egg,IN,2024-06,,1.1775,user_historical_in
egg,IN,2024-07,,1.1814,user_historical_in
egg,IN,2024-08,,1.1820,user_historical_in
egg,IN,2024-09,,1.1825,user_historical_in
egg,IN,2024-10,,1.1832,user_historical_in
egg,IN,2024-11,,1.1838,user_historical_in
egg,IN,2024-12,,1.1843,user_historical_in
egg,IN,2025-01,,1.1849,user_historical_in
egg,IN,2025-02,,1.1885,user_historical_in
egg,IN,2025-03,,1.1922,user_historical_in
egg,IN,2025-04,,1.1957,user_historical_in
egg,IN,2025-05,,1.1991,user_historical_in
egg,IN,2025-06,,1.2028,user_historical_in
egg,IN,2025-07,,1.2062,user_historical_in
egg,IN,2025-08,,1.2072,user_historical_in
egg,IN,2025-09,,1.2081,user_historical_in
egg,IN,2025-10,,1.2090,user_historical_in
egg,IN,2025-11,,1.2100,user_historical_in
egg,IN,2025-12,,1.2109,user_historical_in
egg,IN,2026-01,,1.1892,user_historical_in
egg,IN,2026-02,,1.1379,user_historical_in
egg,IN,2026-03,,1.0871,user_historical_in
egg,IN,2026-04,,0.8031,user_historical_in
egg,IN,2026-05,,1.0237,user_historical_in
egg,IN,2026-06,,1.1499,user_historical_in
egg,IN,2026-07,,1.2421,user_historical_in
egg,IN,2026-08,,1.0131,user_historical_in
chicken,IN,2021-01,,1.2349,user_historical_in
chicken,IN,2021-02,,1.2397,user_historical_in
chicken,IN,2021-03,,1.2444,user_historical_in
chicken,IN,2021-04,,1.2492,user_historical_in
chicken,IN,2021-05,,1.2539,user_historical_in
chicken,IN,2021-06,,1.2585,user_historical_in
chicken,IN,2021-07,,1.2632,user_historical_in
chicken,IN,2021-08,,1.2940,user_historical_in
chicken,IN,2021-09,,1.3246,user_historical_in
chicken,IN,2021-10,,1.3550,user_historical_in
chicken,IN,2021-11,,1.3853,user_historical_in
chicken,IN,2021-12,,1.4153,user_historical_in
chicken,IN,2022-01,,1.4452,user_historical_in
chicken,IN,2022-02,,1.4613,user_historical_in
chicken,IN,2022-03,,1.4774,user_historical_in
chicken,IN,2022-04,,1.4933,user_historical_in
chicken,IN,2022-05,,1.5091,user_historical_in
chicken,IN,2022-06,,1.5248,user_historical_in
chicken,IN,2022-07,,1.5404,user_historical_in
chicken,IN,2022-08,,1.4993,user_historical_in
chicken,IN,2022-09,,1.4584,user_historical_in
chicken,IN,2022-10,,1.4179,user_historical_in
chicken,IN,2022-11,,1.3776,user_historical_in
chicken,IN,2022-12,,1.3376,user_historical_in
chicken,IN,2023-01,,1.2979,user_historical_in
chicken,IN,2023-02,,1.2842,user_historical_in
chicken,IN,2023-03,,1.2705,user_historical_in
chicken,IN,2023-04,,1.2569,user_historical_in
chicken,IN,2023-05,,1.2434,user_historical_in
chicken,IN,2023-06,,1.2299,user_historical_in
chicken,IN,2023-07,,1.2165,user_historical_in
chicken,IN,2023-08,,1.2093,user_historical_in
chicken,IN,2023-09,,1.2021,user_historical_in
chicken,IN,2023-10,,1.1949,user_historical_in
chicken,IN,2023-11,,1.1878,user_historical_in
chicken,IN,2023-12,,1.1807,user_historical_in
chicken,IN,2024-01,,1.1737,user_historical_in
chicken,IN,2024-02,,1.1789,user_historical_in
chicken,IN,2024-03,,1.1842,user_historical_in
chicken,IN,2024-04,,1.1894,user_historical_in
chicken,IN,2024-05,,1.1946,user_historical_in
chicken,IN,2024-06,,1.1998,user_historical_in
chicken,IN,2024-07,,1.2050,user_historical_in
chicken,IN,2024-08,,1.2337,user_historical_in
chicken,IN,2024-09,,1.2622,user_historical_in
chicken,IN,2024-10,,1.2907,user_historical_in
chicken,IN,2024-11,,1.3190,user_historical_in
chicken,IN,2024-12,,1.3472,user_historical_in
chicken,IN,2025-01,,1.3753,user_historical_in
chicken,IN,2025-02,,1.4127,user_historical_in
chicken,IN,2025-03,,1.4498,user_historical_in
chicken,IN,2025-04,,1.4868,user_historical_in
chicken,IN,2025-05,,1.5237,user_historical_in
chicken,IN,2025-06,,1.4797,user_historical_in
chicken,IN,2025-07,,1.4360,user_historical_in
chicken,IN,2025-08,,1.4211,user_historical_in
chicken,IN,2025-09,,1.4062,user_historical_in
chicken,IN,2025-10,,1.3915,user_historical_in
chicken,IN,2025-11,,1.3768,user_historical_in
chicken,IN,2025-12,,1.3622,user_historical_in
chicken,IN,2026-01,,1.3817,user_historical_in
chicken,IN,2026-02,,1.3542,user_historical_in
chicken,IN,2026-03,,1.3270,user_historical_in
chicken,IN,2026-04,,1.2103,user_historical_in
chicken,IN,2026-05,,1.5075,user_historical_in
chicken,IN,2026-06,,1.6136,user_historical_in
chicken,IN,2026-07,,1.6634,user_historical_in
chicken,IN,2026-08,,1.5251,user_historical_in
pig,RU,2021-01,,1.4986,user_historical_ru
pig,RU,2021-02,,1.4986,user_historical_ru
pig,RU,2021-03,,1.4986,user_historical_ru
pig,RU,2021-04,,1.4986,user_historical_ru
pig,RU,2021-05,,1.4986,user_historical_ru
pig,RU,2021-06,,1.4986,user_historical_ru
pig,RU,2021-07,,1.4986,user_historical_ru
pig,RU,2021-08,,1.4986,user_historical_ru
pig,RU,2021-09,,1.4986,user_historical_ru
pig,RU,2021-10,,1.4986,user_historical_ru
pig,RU,2021-11,,1.4986,user_historical_ru
pig,RU,2021-12,,1.4986,user_historical_ru
pig,RU,2022-01,,1.5988,user_historical_ru
pig,RU,2022-02,,1.5988,user_historical_ru
pig,RU,2022-03,,1.5988,user_historical_ru
pig,RU,2022-04,,1.5988,user_historical_ru
pig,RU,2022-05,,1.5988,user_historical_ru
pig,RU,2022-06,,1.5988,user_historical_ru
pig,RU,2022-07,,1.5988,user_historical_ru
pig,RU,2022-08,,1.5988,user_historical_ru
pig,RU,2022-09,,1.5988,user_historical_ru
pig,RU,2022-10,,1.5988,user_historical_ru
pig,RU,2022-11,,1.5988,user_historical_ru
pig,RU,2022-12,,1.5988,user_historical_ru
pig,RU,2023-01,,1.4286,user_historical_ru
pig,RU,2023-02,,1.4286,user_historical_ru
pig,RU,2023-03,,1.4286,user_historical_ru
pig,RU,2023-04,,1.4286,user_historical_ru
pig,RU,2023-05,,1.4286,user_historical_ru
pig,RU,2023-06,,1.4286,user_historical_ru
pig,RU,2023-07,,1.4286,user_historical_ru
pig,RU,2023-08,,1.4286,user_historical_ru
pig,RU,2023-09,,1.4286,user_historical_ru
pig,RU,2023-10,,1.4286,user_historical_ru
pig,RU,2023-11,,1.4286,user_historical_ru
pig,RU,2023-12,,1.4286,user_historical_ru
pig,RU,2024-01,,1.4474,user_historical_ru
pig,RU,2024-02,,1.4474,user_historical_ru
pig,RU,2024-03,,1.4474,user_historical_ru
pig,RU,2024-04,,1.4474,user_historical_ru
pig,RU,2024-05,,1.4474,user_historical_ru
pig,RU,2024-06,,1.4474,user_historical_ru
pig,RU,2024-07,,1.4474,user_historical_ru
pig,RU,2024-08,,1.4474,user_historical_ru
pig,RU,2024-09,,1.4474,user_historical_ru
pig,RU,2024-10,,1.4474,user_historical_ru
pig,RU,2024-11,,1.4474,user_historical_ru
pig,RU,2024-12,,1.4474,user_historical_ru
pig,RU,2025-01,,1.3253,user_historical_ru
pig,RU,2025-02,,1.4789,user_historical_ru
pig,RU,2025-03,,1.5301,user_historical_ru
pig,RU,2025-04,,1.6988,user_historical_ru
pig,RU,2025-05,,1.7229,user_historical_ru
pig,RU,2025-06,,1.7470,user_historical_ru
pig,RU,2025-07,,1.5904,user_historical_ru
pig,RU,2025-08,,1.5783,user_historical_ru
pig,RU,2025-09,,1.5663,user_historical_ru
pig,RU,2025-10,,1.5542,user_historical_ru
pig,RU,2025-11,,1.5422,user_historical_ru
pig,RU,2025-12,,1.5301,user_historical_ru
pig,RU,2026-01,,1.4000,user_historical_ru
pig,RU,2026-02,,1.3889,user_historical_ru
pig,RU,2026-03,,1.3778,user_historical_ru
pig,RU,2026-04,,1.3667,user_historical_ru
pig,RU,2026-05,,1.3556,user_historical_ru
pig,RU,2026-06,,1.3444,user_historical_ru
pig,RU,2026-07,,1.3444,user_historical_ru
pig,RU,2026-08,,1.3444,user_historical_ru
egg,RU,2021-01,,1.5641,user_historical_ru
egg,RU,2021-02,,1.5641,user_historical_ru
egg,RU,2021-03,,1.5641,user_historical_ru
egg,RU,2021-04,,1.5641,user_historical_ru
egg,RU,2021-05,,1.5641,user_historical_ru
egg,RU,2021-06,,1.5641,user_historical_ru
egg,RU,2021-07,,1.5641,user_historical_ru
egg,RU,2021-08,,1.5641,user_historical_ru
egg,RU,2021-09,,1.5641,user_historical_ru
egg,RU,2021-10,,1.5641,user_historical_ru
egg,RU,2021-11,,1.5641,user_historical_ru
egg,RU,2021-12,,1.5641,user_historical_ru
egg,RU,2022-01,,1.6686,user_historical_ru
egg,RU,2022-02,,1.6686,user_historical_ru
egg,RU,2022-03,,1.6686,user_historical_ru
egg,RU,2022-04,,1.6686,user_historical_ru
egg,RU,2022-05,,1.6686,user_historical_ru
egg,RU,2022-06,,1.6686,user_historical_ru
egg,RU,2022-07,,1.6686,user_historical_ru
egg,RU,2022-08,,1.6686,user_historical_ru
egg,RU,2022-09,,1.6686,user_historical_ru
egg,RU,2022-10,,1.6686,user_historical_ru
egg,RU,2022-11,,1.6686,user_historical_ru
egg,RU,2022-12,,1.6686,user_historical_ru
egg,RU,2023-01,,1.4909,user_historical_ru
egg,RU,2023-02,,1.4909,user_historical_ru
egg,RU,2023-03,,1.4909,user_historical_ru
egg,RU,2023-04,,1.4909,user_historical_ru
egg,RU,2023-05,,1.3470,user_historical_ru
egg,RU,2023-06,,1.3310,user_historical_ru
egg,RU,2023-07,,1.3150,user_historical_ru
egg,RU,2023-08,,1.2989,user_historical_ru
egg,RU,2023-09,,1.2829,user_historical_ru
egg,RU,2023-10,,1.2669,user_historical_ru
egg,RU,2023-11,,1.2509,user_historical_ru
egg,RU,2023-12,,1.2351,user_historical_ru
egg,RU,2024-01,,1.2351,user_historical_ru
egg,RU,2024-02,,1.2189,user_historical_ru
egg,RU,2024-03,,1.2027,user_historical_ru
egg,RU,2024-04,,1.1864,user_historical_ru
egg,RU,2024-05,,1.1702,user_historical_ru
egg,RU,2024-06,,1.1540,user_historical_ru
egg,RU,2024-07,,1.1377,user_historical_ru
egg,RU,2024-08,,1.1215,user_historical_ru
egg,RU,2024-09,,1.1055,user_historical_ru
egg,RU,2024-10,,1.0893,user_historical_ru
egg,RU,2024-11,,1.0728,user_historical_ru
egg,RU,2024-12,,1.0566,user_historical_ru
egg,RU,2025-01,,0.9528,user_historical_ru
egg,RU,2025-02,,0.9380,user_historical_ru
egg,RU,2025-03,,0.9231,user_historical_ru
egg,RU,2025-04,,0.9083,user_historical_ru
egg,RU,2025-05,,0.8934,user_historical_ru
egg,RU,2025-06,,0.8787,user_historical_ru
egg,RU,2025-07,,0.8637,user_historical_ru
egg,RU,2025-08,,0.8488,user_historical_ru
egg,RU,2025-09,,0.8340,user_historical_ru
egg,RU,2025-10,,0.8191,user_historical_ru
egg,RU,2025-11,,0.8659,user_historical_ru
egg,RU,2025-12,,1.3151,user_historical_ru
egg,RU,2026-01,,1.2306,user_historical_ru
egg,RU,2026-02,,1.2487,user_historical_ru
egg,RU,2026-03,,1.2667,user_historical_ru
egg,RU,2026-04,,1.2847,user_historical_ru
egg,RU,2026-05,,1.1678,user_historical_ru
egg,RU,2026-06,,1.1678,user_historical_ru
egg,RU,2026-07,,1.1678,user_historical_ru
egg,RU,2026-08,,1.1678,user_historical_ru
chicken,RU,2021-01,,1.9346,user_historical_ru
chicken,RU,2021-02,,1.9346,user_historical_ru
chicken,RU,2021-03,,1.9346,user_historical_ru
chicken,RU,2021-04,,1.9346,user_historical_ru
chicken,RU,2021-05,,1.9346,user_historical_ru
chicken,RU,2021-06,,1.9346,user_historical_ru
chicken,RU,2021-07,,1.9346,user_historical_ru
chicken,RU,2021-08,,1.9346,user_historical_ru
chicken,RU,2021-09,,1.9346,user_historical_ru
chicken,RU,2021-10,,1.9346,user_historical_ru
chicken,RU,2021-11,,1.9346,user_historical_ru
chicken,RU,2021-12,,1.9346,user_historical_ru
chicken,RU,2022-01,,2.0640,user_historical_ru
chicken,RU,2022-02,,2.0640,user_historical_ru
chicken,RU,2022-03,,2.0640,user_historical_ru
chicken,RU,2022-04,,2.0640,user_historical_ru
chicken,RU,2022-05,,2.0640,user_historical_ru
chicken,RU,2022-06,,2.0640,user_historical_ru
chicken,RU,2022-07,,2.0640,user_historical_ru
chicken,RU,2022-08,,2.0640,user_historical_ru
chicken,RU,2022-09,,2.0640,user_historical_ru
chicken,RU,2022-10,,2.0640,user_historical_ru
chicken,RU,2022-11,,2.0640,user_historical_ru
chicken,RU,2022-12,,2.0640,user_historical_ru
chicken,RU,2023-01,,1.8442,user_historical_ru
chicken,RU,2023-02,,1.8442,user_historical_ru
chicken,RU,2023-03,,1.8442,user_historical_ru
chicken,RU,2023-04,,1.8442,user_historical_ru
chicken,RU,2023-05,,1.8442,user_historical_ru
chicken,RU,2023-06,,1.8442,user_historical_ru
chicken,RU,2023-07,,1.8442,user_historical_ru
chicken,RU,2023-08,,1.8442,user_historical_ru
chicken,RU,2023-09,,1.8442,user_historical_ru
chicken,RU,2023-10,,1.8442,user_historical_ru
chicken,RU,2023-11,,1.8442,user_historical_ru
chicken,RU,2023-12,,1.8442,user_historical_ru
chicken,RU,2024-01,,1.8684,user_historical_ru
chicken,RU,2024-02,,1.8684,user_historical_ru
chicken,RU,2024-03,,1.8684,user_historical_ru
chicken,RU,2024-04,,1.8684,user_historical_ru
chicken,RU,2024-05,,1.8684,user_historical_ru
chicken,RU,2024-06,,1.8684,user_historical_ru
chicken,RU,2024-07,,1.8684,user_historical_ru
chicken,RU,2024-08,,1.8684,user_historical_ru
chicken,RU,2024-09,,1.8684,user_historical_ru
chicken,RU,2024-10,,1.8684,user_historical_ru
chicken,RU,2024-11,,1.8684,user_historical_ru
chicken,RU,2024-12,,1.8684,user_historical_ru
chicken,RU,2025-01,,1.7108,user_historical_ru
chicken,RU,2025-02,,1.7108,user_historical_ru
chicken,RU,2025-03,,1.7108,user_historical_ru
chicken,RU,2025-04,,1.9301,user_historical_ru
chicken,RU,2025-05,,1.9614,user_historical_ru
chicken,RU,2025-06,,1.9928,user_historical_ru
chicken,RU,2025-07,,2.0241,user_historical_ru
chicken,RU,2025-08,,2.2727,user_historical_ru
chicken,RU,2025-09,,2.2892,user_historical_ru
chicken,RU,2025-10,,1.9076,user_historical_ru
chicken,RU,2025-11,,1.8876,user_historical_ru
chicken,RU,2025-12,,1.8675,user_historical_ru
chicken,RU,2026-01,,1.7037,user_historical_ru
chicken,RU,2026-02,,1.6852,user_historical_ru
chicken,RU,2026-03,,1.6667,user_historical_ru
chicken,RU,2026-04,,2.2733,user_historical_ru
chicken,RU,2026-05,,2.3600,user_historical_ru
chicken,RU,2026-06,,2.4467,user_historical_ru
chicken,RU,2026-07,,2.5333,user_historical_ru
chicken,RU,2026-08,,2.5333,user_historical_ru
pig,BR,2021-01,,1.0577,user_historical_br
pig,BR,2021-02,,1.0577,user_historical_br
pig,BR,2021-03,,1.0577,user_historical_br
pig,BR,2021-04,,1.0577,user_historical_br
pig,BR,2021-05,,1.0577,user_historical_br
pig,BR,2021-06,,1.0577,user_historical_br
pig,BR,2021-07,,1.0577,user_historical_br
pig,BR,2021-08,,1.0577,user_historical_br
pig,BR,2021-09,,1.0577,user_historical_br
pig,BR,2021-10,,1.0577,user_historical_br
pig,BR,2021-11,,1.0577,user_historical_br
pig,BR,2021-12,,1.0577,user_historical_br
pig,BR,2022-01,,1.2885,user_historical_br
pig,BR,2022-02,,1.2885,user_historical_br
pig,BR,2022-03,,1.2885,user_historical_br
pig,BR,2022-04,,1.2885,user_historical_br
pig,BR,2022-05,,1.2885,user_historical_br
pig,BR,2022-06,,1.2885,user_historical_br
pig,BR,2022-07,,1.2885,user_historical_br
pig,BR,2022-08,,1.2885,user_historical_br
pig,BR,2022-09,,1.2885,user_historical_br
pig,BR,2022-10,,1.2885,user_historical_br
pig,BR,2022-11,,1.2885,user_historical_br
pig,BR,2022-12,,1.2885,user_historical_br
pig,BR,2023-01,,1.1881,user_historical_br
pig,BR,2023-02,,1.1881,user_historical_br
pig,BR,2023-03,,1.1881,user_historical_br
pig,BR,2023-04,,1.1881,user_historical_br
pig,BR,2023-05,,1.1881,user_historical_br
pig,BR,2023-06,,1.1881,user_historical_br
pig,BR,2023-07,,1.1881,user_historical_br
pig,BR,2023-08,,1.1881,user_historical_br
pig,BR,2023-09,,1.1881,user_historical_br
pig,BR,2023-10,,1.1881,user_historical_br
pig,BR,2023-11,,1.1881,user_historical_br
pig,BR,2023-12,,1.1881,user_historical_br
pig,BR,2024-01,,1.3000,user_historical_br
pig,BR,2024-02,,1.3000,user_historical_br
pig,BR,2024-03,,1.3000,user_historical_br
pig,BR,2024-04,,1.3000,user_historical_br
pig,BR,2024-05,,1.3000,user_historical_br
pig,BR,2024-06,,1.3000,user_historical_br
pig,BR,2024-07,,1.3000,user_historical_br
pig,BR,2024-08,,1.3000,user_historical_br
pig,BR,2024-09,,1.3000,user_historical_br
pig,BR,2024-10,,1.3000,user_historical_br
pig,BR,2024-11,,1.3000,user_historical_br
pig,BR,2024-12,,1.3000,user_historical_br
pig,BR,2025-01,,1.2613,user_historical_br
pig,BR,2025-02,,1.2613,user_historical_br
pig,BR,2025-03,,1.2613,user_historical_br
pig,BR,2025-04,,1.2613,user_historical_br
pig,BR,2025-05,,1.2613,user_historical_br
pig,BR,2025-06,,1.2613,user_historical_br
pig,BR,2025-07,,1.2613,user_historical_br
pig,BR,2025-08,,1.2613,user_historical_br
pig,BR,2025-09,,1.2613,user_historical_br
pig,BR,2025-10,,1.2613,user_historical_br
pig,BR,2025-11,,1.2613,user_historical_br
pig,BR,2025-12,,1.2613,user_historical_br
pig,BR,2026-01,,1.3982,user_historical_br
pig,BR,2026-02,,1.2938,user_historical_br
pig,BR,2026-03,,1.2938,user_historical_br
pig,BR,2026-04,,1.2938,user_historical_br
pig,BR,2026-05,,1.2938,user_historical_br
pig,BR,2026-06,,1.2938,user_historical_br
pig,BR,2026-07,,1.2938,user_historical_br
pig,BR,2026-08,,1.2938,user_historical_br
egg,BR,2021-01,,1.4245,user_historical_br
egg,BR,2021-02,,1.4245,user_historical_br
egg,BR,2021-03,,1.4245,user_historical_br
egg,BR,2021-04,,1.4245,user_historical_br
egg,BR,2021-05,,1.4245,user_historical_br
egg,BR,2021-06,,1.4245,user_historical_br
egg,BR,2021-07,,1.4245,user_historical_br
egg,BR,2021-08,,1.4245,user_historical_br
egg,BR,2021-09,,1.4245,user_historical_br
egg,BR,2021-10,,1.4245,user_historical_br
egg,BR,2021-11,,1.4245,user_historical_br
egg,BR,2021-12,,1.4245,user_historical_br
egg,BR,2022-01,,1.5581,user_historical_br
egg,BR,2022-02,,1.5581,user_historical_br
egg,BR,2022-03,,1.5581,user_historical_br
egg,BR,2022-04,,1.5581,user_historical_br
egg,BR,2022-05,,1.5581,user_historical_br
egg,BR,2022-06,,1.5581,user_historical_br
egg,BR,2022-07,,1.5581,user_historical_br
egg,BR,2022-08,,1.5581,user_historical_br
egg,BR,2022-09,,1.5581,user_historical_br
egg,BR,2022-10,,1.5581,user_historical_br
egg,BR,2022-11,,1.5581,user_historical_br
egg,BR,2022-12,,1.5581,user_historical_br
egg,BR,2023-01,,1.5127,user_historical_br
egg,BR,2023-02,,1.5127,user_historical_br
egg,BR,2023-03,,1.5127,user_historical_br
egg,BR,2023-04,,1.5127,user_historical_br
egg,BR,2023-05,,1.5127,user_historical_br
egg,BR,2023-06,,1.5127,user_historical_br
egg,BR,2023-07,,1.5127,user_historical_br
egg,BR,2023-08,,1.5127,user_historical_br
egg,BR,2023-09,,1.5127,user_historical_br
egg,BR,2023-10,,1.5127,user_historical_br
egg,BR,2023-11,,1.5127,user_historical_br
egg,BR,2023-12,,1.5127,user_historical_br
egg,BR,2024-01,,1.5741,user_historical_br
egg,BR,2024-02,,1.5741,user_historical_br
egg,BR,2024-03,,1.5741,user_historical_br
egg,BR,2024-04,,1.5741,user_historical_br
egg,BR,2024-05,,1.5741,user_historical_br
egg,BR,2024-06,,1.5741,user_historical_br
egg,BR,2024-07,,1.5741,user_historical_br
egg,BR,2024-08,,1.5741,user_historical_br
egg,BR,2024-09,,1.5741,user_historical_br
egg,BR,2024-10,,1.5741,user_historical_br
egg,BR,2024-11,,1.5741,user_historical_br
egg,BR,2024-12,,1.5741,user_historical_br
egg,BR,2025-01,,1.2930,user_historical_br
egg,BR,2025-02,,1.2930,user_historical_br
egg,BR,2025-03,,1.2930,user_historical_br
egg,BR,2025-04,,1.2930,user_historical_br
egg,BR,2025-05,,1.2930,user_historical_br
egg,BR,2025-06,,1.2930,user_historical_br
egg,BR,2025-07,,1.2930,user_historical_br
egg,BR,2025-08,,1.2930,user_historical_br
egg,BR,2025-09,,1.2930,user_historical_br
egg,BR,2025-10,,1.2930,user_historical_br
egg,BR,2025-11,,1.2930,user_historical_br
egg,BR,2025-12,,1.2930,user_historical_br
egg,BR,2026-01,,0.8651,user_historical_br
egg,BR,2026-02,,1.2126,user_historical_br
egg,BR,2026-03,,1.2062,user_historical_br
egg,BR,2026-04,,1.2291,user_historical_br
egg,BR,2026-05,,1.2890,user_historical_br
egg,BR,2026-06,,1.2122,user_historical_br
egg,BR,2026-07,,1.1882,user_historical_br
egg,BR,2026-08,,1.1472,user_historical_br
chicken,BR,2021-01,,1.0769,user_historical_br
chicken,BR,2021-02,,1.0769,user_historical_br
chicken,BR,2021-03,,1.0769,user_historical_br
chicken,BR,2021-04,,1.0769,user_historical_br
chicken,BR,2021-05,,1.0769,user_historical_br
chicken,BR,2021-06,,1.0769,user_historical_br
chicken,BR,2021-07,,1.0769,user_historical_br
chicken,BR,2021-08,,1.0769,user_historical_br
chicken,BR,2021-09,,1.0769,user_historical_br
chicken,BR,2021-10,,1.0769,user_historical_br
chicken,BR,2021-11,,1.0769,user_historical_br
chicken,BR,2021-12,,1.0769,user_historical_br
chicken,BR,2022-01,,1.1923,user_historical_br
chicken,BR,2022-02,,1.1923,user_historical_br
chicken,BR,2022-03,,1.1923,user_historical_br
chicken,BR,2022-04,,1.1923,user_historical_br
chicken,BR,2022-05,,1.1923,user_historical_br
chicken,BR,2022-06,,1.1923,user_historical_br
chicken,BR,2022-07,,1.1923,user_historical_br
chicken,BR,2022-08,,1.1923,user_historical_br
chicken,BR,2022-09,,1.1923,user_historical_br
chicken,BR,2022-10,,1.1923,user_historical_br
chicken,BR,2022-11,,1.1923,user_historical_br
chicken,BR,2022-12,,1.1923,user_historical_br
chicken,BR,2023-01,,1.1683,user_historical_br
chicken,BR,2023-02,,1.1683,user_historical_br
chicken,BR,2023-03,,1.1683,user_historical_br
chicken,BR,2023-04,,1.1683,user_historical_br
chicken,BR,2023-05,,1.1683,user_historical_br
chicken,BR,2023-06,,1.1683,user_historical_br
chicken,BR,2023-07,,1.1683,user_historical_br
chicken,BR,2023-08,,1.1683,user_historical_br
chicken,BR,2023-09,,1.1683,user_historical_br
chicken,BR,2023-10,,1.1683,user_historical_br
chicken,BR,2023-11,,1.1683,user_historical_br
chicken,BR,2023-12,,1.1683,user_historical_br
chicken,BR,2024-01,,1.2200,user_historical_br
chicken,BR,2024-02,,1.2200,user_historical_br
chicken,BR,2024-03,,1.2200,user_historical_br
chicken,BR,2024-04,,1.2200,user_historical_br
chicken,BR,2024-05,,1.2200,user_historical_br
chicken,BR,2024-06,,1.2200,user_historical_br
chicken,BR,2024-07,,1.2200,user_historical_br
chicken,BR,2024-08,,1.2200,user_historical_br
chicken,BR,2024-09,,1.2200,user_historical_br
chicken,BR,2024-10,,1.2200,user_historical_br
chicken,BR,2024-11,,1.2200,user_historical_br
chicken,BR,2024-12,,1.2200,user_historical_br
chicken,BR,2025-01,,1.1532,user_historical_br
chicken,BR,2025-02,,1.1532,user_historical_br
chicken,BR,2025-03,,1.1532,user_historical_br
chicken,BR,2025-04,,1.1532,user_historical_br
chicken,BR,2025-05,,1.1532,user_historical_br
chicken,BR,2025-06,,1.1532,user_historical_br
chicken,BR,2025-07,,1.1532,user_historical_br
chicken,BR,2025-08,,1.1532,user_historical_br
chicken,BR,2025-09,,1.1532,user_historical_br
chicken,BR,2025-10,,1.1532,user_historical_br
chicken,BR,2025-11,,1.1532,user_historical_br
chicken,BR,2025-12,,1.1532,user_historical_br
chicken,BR,2026-01,,1.2319,user_historical_br
chicken,BR,2026-02,,1.2319,user_historical_br
chicken,BR,2026-03,,1.2319,user_historical_br
chicken,BR,2026-04,,1.2319,user_historical_br
chicken,BR,2026-05,,1.2319,user_historical_br
chicken,BR,2026-06,,1.2319,user_historical_br
chicken,BR,2026-07,,1.2319,user_historical_br
chicken,BR,2026-08,,1.2319,user_historical_br
